,1985,1986,1987,1988,1989,1990,1991,1992,1993,1994,1995,1996,1997,1998,1999,2000,2001,2002,2003,2004,2005,2006,2007,2008,2009,2010,2011,2012,2013,2014
0,0.05033587279161028,0.04585206548866581,0.04610167415950793,0.04226491508989198,0.04004894300551004,0.03606963874277292,0.03139835609690544,0.016472273102251026,0.014569936539186652,0.012980765627129243,0.011753583555790018,0.010691024075219536,0.009699182302455459,0.009034937911666605,0.006973145961365734,0.0063759176798030654,0.006480603380872075,0.008112681466109821,0.008644198624465629,0.006577164298232235,0.008860405577962471,0.010689811898860683,0.014365429596153357,0.025980011678238286,0.040822301933269224,0.04965618723636886,0.06959426861327364,0.059101736832887816,0.05314141002485091,0.0503340705375946
1,0.021638551888366667,0.023212047052798664,0.02259937380727011,0.023286557606338885,0.02301540117939299,0.02132129690947298,0.022873850776460248,0.024137739913772095,0.025932518085166095,0.025967236011717434,0.024197984636034762,0.023521617207071754,0.02222994399846843,0.023674716412339813,0.02352188135589067,0.026175708949373405,0.02549796279742741,0.0254743345276241,0.02683019993456731,0.028753135795576278,0.029580804151404398,0.030287814970574096,0.029096494164713712,0.031158693287304653,0.032240439492396175,0.03276905031093644,0.03222239374713831,0.034189308022536474,0.03303838913082753,0.03453706770590973
2,0.015094350752218044,0.013506861226774821,0.010311572441111026,0.010280280360964003,0.011352460619799512,0.01233301283114839,0.013838629405206552,0.014618473613620911,0.017802900124110645,0.01920755900562053,0.019501035375876257,0.018009772482304284,0.01681415893455838,0.01627481133717131,0.020336596059068474,0.02020206798911391,0.022252685349927716,0.024725457979956157,0.02715783679258219,0.028077873538589503,0.02602551030160779,0.04088519877853159,0.046131494979633064,0.04400582220802765,0.045205306804998964,0.04800059908518426,0.04855656903040948,0.048786491569434536,0.05040110941131962,0.053286015440001964
3,0.017731995809275633,0.017411502705755855,0.018258578731163957,0.01904753657348496,0.027519836132706022,0.019021571902078184,0.01991680417613215,0.019500982523312112,0.0188693226944739,0.01889854017203653,0.01786431424915088,0.019612807364559323,0.02174281359391144,0.022583326229167863,0.02372994816030599,0.02578928289288845,0.02400346414303881,0.02349445114609426,0.02448918548416894,0.024348895714538677,0.024110130371766327,0.028278330105851485,0.033208253910534676,0.03752875689318889,0.036688452948041086,0.03613766801004358,0.03952353796864597,0.045607907283925025,0.05149180157958439,0.0465725143590462
4,0.01204489979186559,0.01313979808971613,0.013244973408756527,0.014736815133786177,0.014272351124936617,0.016082447702286732,0.016124534023605173,0.017556785381063637,0.01685009050436021,0.017973441115757268,0.021161612784579,0.021817568391104547,0.022280986752515827,0.020938498710451888,0.02153297806672949,0.023319751226410997,0.026650822704199734,0.027178396540401495,0.028269529695652752,0.029400715879854728,0.03033098511210437,0.03300491914219307,0.03323131511149779,0.03665026263336228,0.039335524777745524,0.043383913602750714,0.04537792951286192,0.04775168005055587,0.04874353619714029,0.05059545066062523
5,0.026628853517981284,0.027832445013786396,0.02789225356727045,0.028646576317126866,0.02673173485734669,0.02745461795994537,0.02552761763526841,0.022834258053054442,0.02991778889877296,0.029482209216979048,0.02880104324190729,0.02957649633141405,0.03189454702125575,0.03285686812040358,0.031015148321253523,0.030732869303199024,0.021874987952127882,0.023395736506596085,0.023170398919266342,0.023117560870573834,0.023667299977499938,0.021525367687775368,0.02839289657825578,0.029260323641375856,0.026087202751127032,0.025840422960056796,0.024558438659568853,0.02248091995022606,0.026087759099572415,0.02569787089788432
6,0.024622235346143984,0.024095320600012498,0.038160133088652314,0.03326798781220677,0.03523138152683405,0.027369806500536473,0.027675766559216698,0.02836296514416141,0.028487734708888712,0.029041535481032,0.028251742949201464,0.027520930220941073,0.0280958622674244,0.02783375765282431,0.02878750784700395,0.028526583356078213,0.02560799397034472,0.02506843886600097,0.02345823343362943,0.022992051219128826,0.02254508112320986,0.02349062204813469,0.0233821717084191,0.02296985348851632,0.02262957052978173,0.023348933885918053,0.024468344813758598,0.025652934104034818,0.02590628438897166,0.0261307491878646
7,0.013123370462057117,0.013602976440798142,0.014297186140266321,0.01508621031956157,0.015101449297817513,0.015090879332149858,0.015637041975534477,0.016198321674743985,0.017133532469073624,0.017997596120685588,0.019328559214528966,0.01994967145425771,0.019783149870877374,0.01877439896326485,0.0185773315990668,0.0189154935300148,0.019232930779906943,0.02109134750851777,0.024717464224262225,0.02832201787478077,0.03172506849358336,0.03493137055048086,0.03741846562523985,0.03999259860062787,0.04215419084601772,0.04601475856812499,0.05079118474101156,0.05207637816265634,0.05300543879341949,0.052912130195542945
8,0.0433257191297,0.03394895565701151,0.042116913863251955,0.04842370039704793,0.04345390289292801,0.024762792095040745,0.021642146126862074,0.018766945193636857,0.023627393560870895,0.020011123895729104,0.02733877957583191,0.03135485917445463,0.02933828454743852,0.02600546036957746,0.02292565852553246,0.024206658334738368,0.026888688938341315,0.02480029131978718,0.018195945865508437,0.025013199846089827,0.02500544037862599,0.02187994518316153,0.020731695082323927,0.02027241548756982,0.016543844803475226,0.019901473529630124,0.02021986054992162,0.02530290264300611,0.028374346549398292,0.02860317031237959
9,0.012110908664127864,0.008293582463952717,0.011243203748771887,0.010076412690775177,0.010902219741170848,0.012626295211550459,0.012798353739131059,0.013378258536492618,0.013450310977226003,0.0135163380166534,0.014020459977201537,0.01618217619227425,0.0162388524247072,0.017107431320875062,0.019516800525432063,0.022613748667989406,0.024106740040238,0.027788212931880982,0.030640043381196934,0.03234785402749263,0.042532928070538524,0.04512471973460085,0.04767444690985186,0.04368804552329537,0.04822315388621682,0.05063567645722422,0.055269956534590395,0.04482710572688665,0.04361519272416077,0.04243308498236587
10,0.013388202265724812,0.013820002785871957,0.014480775672354111,0.015269181966157584,0.015306187177235728,0.01549041321361693,0.016223022435264786,0.016899016213820495,0.01792266578992464,0.018767992616755477,0.0201966622511542,0.020977436652167964,0.021013232450421002,0.01958846564759289,0.019542817607771917,0.02005935152720789,0.020559938924237523,0.022232045872176007,0.025545701899720406,0.02884228704982944,0.03178996765532591,0.034431009011474153,0.03664956345911715,0.039094172594496,0.04103624970571031,0.0443323068602881,0.04898221515200218,0.05012444400301872,0.05027381371396699,0.05014337165446629
11,0.015722406311364255,0.016010435743299387,0.016480272472513883,0.017512188559969184,0.01777903793616936,0.018071445876567886,0.018609392357843146,0.019280509696785464,0.02011657744540867,0.021002222517211094,0.02206449867904515,0.022846099798857787,0.02297994076102729,0.021553105494718536,0.02178679655018832,0.022385281316715397,0.022641717148535915,0.02397086878508232,0.02634187152240158,0.028843861579206407,0.03079267739395285,0.032705270251975324,0.03443974068741452,0.03609429577041774,0.03714561059214281,0.03992121144398372,0.04333944072150111,0.044159098512546124,0.044322602512999576,0.044064035389026625
12,0.01849452859306649,0.020995766423027758,0.020502039765051362,0.01988726510744598,0.01877163553072847,0.019276583655195276,0.019531390614937732,0.01973678834156775,0.022166400399631817,0.019896253522693863,0.021880712567673627,0.02285761741588117,0.023758100978955712,0.026310758417930773,0.0264629446316834,0.029255244038902582,0.025480107369283647,0.025352376202728507,0.028949171396541944,0.02899020390191585,0.031545900044284425,0.03310091028738715,0.03443958784592846,0.03553107319192482,0.03630566838790028,0.03490025190349361,0.03660566953659562,0.035788141015954726,0.03439637174580736,0.031813050994751214
13,0.020466512528387215,0.018208564593469236,0.019071906856615386,0.019462458042229284,0.018328626497223877,0.020326568229068493,0.02035334848622581,0.020013041315961246,0.022207697691225284,0.023531049137907573,0.024397374047514072,0.025274075917379332,0.027962044443517214,0.027436519301815707,0.02738598532880067,0.025660968255747638,0.027551335614951194,0.028837212432611017,0.028929297984171157,0.0271752139530969,0.02521696275301083,0.03289494010622786,0.033664986956474054,0.03050650272596738,0.02508588025535099,0.031605697781565356,0.030462353878771012,0.03594074644171747,0.04322450424366004,0.041800138028208124
14,0.02465529062728542,0.02404857243671237,0.02325015819562631,0.02329486695543241,0.022999656831981147,0.02146864420691319,0.02132555722775068,0.021417490893500483,0.02143234359366722,0.023968263154380855,0.024099861614958588,0.02480663672245142,0.02513902671228704,0.025959842499139935,0.026632349129538054,0.0270580330622079,0.02773289635704593,0.028520318305152947,0.029170220746231348,0.029553939818669887,0.027209141224253865,0.02759332584752054,0.028080516238229446,0.03051076756938869,0.03081874125063158,0.03467171523392357,0.036204766374410696,0.03289456995789416,0.02864913445481934,0.029815866586866274
15,0.03046801853636279,0.02724841605327093,0.028888753772199006,0.028046631527457965,0.026219201760543973,0.024610137972424995,0.024184418046984544,0.02336525833431529,0.023553586931167315,0.02283570758509082,0.023442779593542937,0.02272754877347107,0.022037785916517682,0.02295140473529237,0.024168527559000477,0.024911681269134737,0.024856061955820127,0.027562907506346223,0.026694840048076138,0.026190946986377486,0.025389919181873583,0.025860291815449826,0.02868226267078072,0.029002994854378638,0.029279268997771384,0.032240369971740554,0.032342165132799125,0.03189113436811556,0.02944084057440496,0.03388865139816018
16,0.0017115138880671036,0.001996022323399767,0.002360384114533391,0.002458328592513972,0.002634859067056987,0.001437671994302099,0.0030166180407445262,0.0032188350278064765,0.0019539774560561603,0.0006289473644362841,0.002358905699187451,0.002012018095591734,0.004930442455838126,0.002697687911922661,0.007308841545815726,0.006848816236639324,0.0447353761705322,0.06905842193534596,0.08001298085112239,0.0664527235253945,0.057399400773277966,0.055353538777225465,0.05329635107730757,0.04776085317177841,0.046790024431605876,0.04527317378357798,0.056691785129979536,0.04529301611632665,0.0437945298969985,0.04349646837448655
17,0.02068347395960673,0.021169349266168255,0.021915858291954186,0.022538443624135755,0.02279789609584786,0.02220733801823411,0.022677359143907623,0.023067306694865473,0.022872667135176234,0.02235751387215862,0.022919767499626865,0.02324085856017612,0.022913996561058306,0.022292923468534648,0.022392902293007385,0.02256790668787874,0.02275706676233799,0.023418339774001592,0.025346251619916764,0.027068349019935264,0.028600331197708717,0.03021376439535878,0.031382124223257854,0.03303749921945524,0.03351380912748893,0.03530473988805594,0.03777242334265998,0.03874913982985752,0.038566743234313854,0.03863637102218602
18,0.021639815120323213,0.02208928990312182,0.022789621489985538,0.023443116608325983,0.023544197450362635,0.02289069506042563,0.02331384664275703,0.023682523012388195,0.023418871577841553,0.02281465289917117,0.02328888997930638,0.023591524903363175,0.023206334005556658,0.02257422448529108,0.022633987383291348,0.022819982968985818,0.0229678664012297,0.02355117674966493,0.025381337182166248,0.026988725662578913,0.028358109953851345,0.029829337307420684,0.030900453629333836,0.0323729369393384,0.03265300560914473,0.03428438367251668,0.03652874467633048,0.037326400253178675,0.037075759964824616,0.03702270233679505
19,0.028730512702096738,0.028556905001885395,0.028211198433832345,0.030006651074820992,0.026732630237043076,0.0258402835382575,0.025799327429114022,0.026512706893364556,0.025768878881810023,0.02433959580445476,0.023596461501707546,0.024481412900048516,0.02393849105690389,0.02427147259389683,0.024449863972600728,0.025973401250940924,0.026312326873019393,0.0263094221899999,0.027270035932353446,0.027856698514762634,0.027365056806232732,0.027651020505536895,0.02859978562394028,0.02844492623707455,0.02660289516667141,0.027512604856351985,0.02821262319774567,0.0278409249152939,0.028116921866971487,0.02767747787013926
20,0.03132556173512037,0.03143342451869752,0.029406526081756854,0.03200771786002148,0.02728780282839437,0.02616944770276155,0.026046002026442253,0.027517360678637984,0.026944959733734262,0.025124907362518874,0.023830205379432323,0.02485823667173158,0.02401782818136732,0.02422363330011344,0.024302771172264145,0.026701154163490944,0.02697414843758195,0.027620606450009192,0.027751050724531164,0.028246169079097844,0.027602446783199664,0.027457357656781235,0.027789228031053187,0.02723715041678693,0.024507430139258848,0.025001498212130366,0.025876999796423467,0.02581467458875981,0.025641780370843498,0.02426443374592888
21,0.014481595351364436,0.015189178957255495,0.015864930562839333,0.01677035678752879,0.018021237003201546,0.018874809840840563,0.019659669152457548,0.02046713817284561,0.020774177281068028,0.02152961156734156,0.022413800006278305,0.02391063414763772,0.024408374655156242,0.024447496317600726,0.02553710857178007,0.02599880336867836,0.02578350385873738,0.025670655696466163,0.026336082339434172,0.027203733214615937,0.02836043501748262,0.029779144593385383,0.031670561141531654,0.03477470790856863,0.03800995257667985,0.03709131250828127,0.03921592665905154,0.04245279397341214,0.04229124557886335,0.04599353701848703
22,0.02146535757567466,0.022433149060868622,0.024312484127775254,0.03056192219972493,0.03221550349251477,0.020464161153105214,0.019069693659276833,0.024008162544269577,0.02498441024656789,0.027286820299816494,0.027578860290549224,0.02499449886113912,0.02381366893051,0.024460295668972357,0.02369369339709458,0.023043689900025394,0.026349141130578638,0.026159201732648928,0.026556660006106042,0.032404551000381455,0.03151644534687765,0.026895557249946602,0.016644343920321627,0.024526966246862524,0.026969789494059166,0.028194933039535266,0.03269027170310712,0.0357944518254199,0.03730818953384281,0.0365856401912987
23,0.013629434058617093,0.013806143786659661,0.014435741122100203,0.01646903744418083,0.017327191174404722,0.01796456822806825,0.018834944836447345,0.02026540743820385,0.022718894082548798,0.024034398274352484,0.02591928967470843,0.027660799755668937,0.029184232123655885,0.024581388942113622,0.026750841912629195,0.029692415929037437,0.029638814119503705,0.030478526762529688,0.030358925889333525,0.03128059296329188,0.029961673860334853,0.03030265360816303,0.03175270351491927,0.03226994910766487,0.032184768375053074,0.03566582332842261,0.03680928144038948,0.03627866200198896,0.036641598424299184,0.03608381164958052
24,0.025008525082549783,0.02629014136650197,0.024433900105741636,0.026592501814106436,0.026584265559711568,0.02556161992976687,0.029084365484538775,0.02470270639060063,0.025254944965737096,0.028029266210928962,0.028673960645412565,0.02703596285896068,0.027096323158449315,0.0269814982509219,0.026077394178916663,0.02711348483025427,0.02724708728851058,0.026665137630537485,0.026972990763429783,0.02719326063095348,0.027708534992864502,0.02790198043279376,0.025782551490111237,0.028506376427969084,0.02914475346697799,0.030826579096264545,0.019595204427443752,0.02584357996685416,0.027449884968353034,0.02762373141270899
25,0.013741886140870949,0.012680796921302452,0.01375185109402849,0.011620228278693873,0.011440883897860634,0.012544790038659053,0.013381458620696753,0.016423933695574218,0.015803430791534758,0.01715816244004779,0.018181732757863403,0.021603036731564648,0.023166050401492645,0.02368167407107615,0.025940799364054083,0.030632247634962455,0.031025035198769032,0.03258452741781771,0.032374993393645156,0.03564122133379511,0.034784205529916935,0.03416192375384187,0.03497986746466197,0.03431905170108916,0.036783841579696865,0.03677692311976494,0.04169091180490197,0.04409827944924939,0.04227431654978004,0.049734452651658996
26,0.020461902341936365,0.021120436613541165,0.021488187077368475,0.022582155774163375,0.022581957178993497,0.02344855783266155,0.024577399403546342,0.02577741900338681,0.024870920851873857,0.023636819006552488,0.024111498670605767,0.02482516543388837,0.024540923337056823,0.023732437229340275,0.024446038836474733,0.025271036483820668,0.025374839054798228,0.025571789711402122,0.0264427859157153,0.0272591517083036,0.027729359409351978,0.028307473917417534,0.02947013917763981,0.031134384331180546,0.03190032443622938,0.03201460500093208,0.03451929086720485,0.03611051404153022,0.034434143879604875,0.03524085730235038
27,0.020940422071755234,0.021436987169205456,0.0221612202173624,0.022959327803222976,0.023165485292487808,0.02269440856166404,0.02318160997602444,0.023607010103773772,0.023345226158949423,0.022777306476204805,0.023235412848287562,0.02350836824926027,0.023109727303043063,0.022511522734272236,0.022599657473683584,0.0228529336763821,0.023014747427835013,0.02362387815809373,0.025492552928593107,0.027143321787258312,0.02855927796935663,0.030036688846332062,0.03111176862037991,0.03265456014029887,0.03299081424189615,0.034638734544049705,0.036904010064339965,0.03776672689512091,0.03748094100345444,0.037477865086283466
28,0.01940970064092133,0.02000957250163517,0.020794690643631424,0.021434070482076788,0.021471882937258196,0.02102125880051913,0.021242357522587973,0.021874093399004816,0.02177038769667689,0.021315119580003063,0.021889276453731284,0.022152218325398126,0.021742506914321155,0.020946421164277373,0.02080683886992945,0.02121000278498179,0.02152307321257351,0.022486372175332912,0.024885433690149384,0.02711403852209409,0.029184355041152004,0.03130625193248235,0.0327904755894383,0.034586909765419505,0.035096678789808114,0.03789552544028704,0.04087303503870945,0.041819362533873534,0.04224307699221897,0.04208752638837827
29,0.020191518206267932,0.020864829179770502,0.02051609499202755,0.02127602601139962,0.021367912964678597,0.020560451718582524,0.02191164131381753,0.02288561484044673,0.024345625848958163,0.02490258469293999,0.02372846691718241,0.023254693773867526,0.022150983632780327,0.02388301547160878,0.025020777810648657,0.026722038561710366,0.026650824343857762,0.026488084391615065,0.02770714913017972,0.0293874085954785,0.03022259707945048,0.03135314586349352,0.030476690002010844,0.03227814084423112,0.03306156248618983,0.03366318072276982,0.033364449132206826,0.03513336136982355,0.03411921111253958,0.035494432818337515
30,0.02056236828100662,0.021066402048563276,0.021774629498133927,0.02257883586739502,0.022811023946519716,0.022359232010857082,0.02285433009930828,0.02330652993135899,0.023073604655986606,0.022541942427334524,0.02302669200915638,0.023318611619103653,0.022944883226114352,0.022354064986800034,0.022448168198656054,0.022726526295286726,0.022915264754753903,0.02359475365385718,0.025482567471474458,0.027196274213691654,0.028669393785738413,0.03020449303433598,0.03134497102862481,0.03294722397452447,0.03334475331028309,0.03508639055900562,0.03749805965030137,0.038456267416174514,0.03822786160942677,0.03826639426509793
31,0.02268193424743824,0.020928271372415756,0.019453382193630957,0.020564112697421626,0.021989321954476854,0.021780569658027764,0.02205371430442518,0.021880101890592737,0.021838176860056513,0.02160157608552494,0.021370363016085487,0.021636519139061262,0.022671514526168543,0.03212948002947526,0.03263036377750869,0.0327490381836699,0.032088284706748994,0.03182334621821689,0.030718284915653166,0.030923204063959348,0.030691016014108737,0.03115097895270089,0.03223866867053502,0.033110778174045105,0.024146057181029235,0.027968009197041975,0.029398702173374845,0.027141245011213264,0.027240768078787794,0.036384730535476396
32,0.020267084276860386,0.02011065491903406,0.020762591162634098,0.021699779598605633,0.02173584662450723,0.020912458632270224,0.021641632344578454,0.02179443132457653,0.022527308073291202,0.023492458002209636,0.024001608080001756,0.02380202944760065,0.023122635906098213,0.02551021565666876,0.027127509068047156,0.026830933389722103,0.0271650140019716,0.026794418756400214,0.02818973687008196,0.029390705965197588,0.030677943065201736,0.031149777702022895,0.03075816107313631,0.03231848376003367,0.032960519230878,0.03307790768043864,0.03312458942113428,0.03403765758843699,0.033940750156763705,0.034057672050467655
33,0.02604701669498662,0.027140394505841124,0.02886904108031234,0.03076601437906313,0.02736979288717249,0.025358412938387333,0.030399445733696226,0.027234274062810745,0.02274782541814589,0.019320985166997404,0.0191115706495836,0.019248195095052514,0.018298090122293675,0.018143279873604957,0.01762690617206823,0.01736083118728314,0.01806730895216899,0.01880759361166488,0.01804511219923287,0.018993822323268454,0.018792176369131622,0.020357746963105102,0.025790068548731494,0.025362862181998458,0.027170722069080524,0.028175411803974343,0.043030838198698296,0.05148156761949442,0.0745635550599303,0.0393016519610923
34,0.01586020436054064,0.008792437453328729,0.07517751792405881,0.07197874093962446,0.06183332071852037,0.01914940144671923,0.018960273680488533,0.01943286238898155,0.01922582888856969,0.021816835243414625,0.019973620008514485,0.020205845827855767,0.01976697966497294,0.01933402758613948,0.019271638309047566,0.019188504921082393,0.020251766558910207,0.020892151703555933,0.020921342171085117,0.02248334938463135,0.02258194363103806,0.022249544314227376,0.024771916731002333,0.02526378582488885,0.0269107267502464,0.027533775530653986,0.028619160016542976,0.030807134515320325,0.03007710878704845,0.029650768547860817
35,0.009367185585042492,0.009506565382668477,0.01152740287002299,0.012836534408755323,0.01152315654753754,0.007811058069891252,0.011524651442998649,0.01554066132989076,0.016663644631014364,0.018783132648831042,0.021956951906300808,0.026198624433528914,0.028686491751100628,0.02273004889582072,0.03187821413918539,0.02984232178357374,0.031237897014091697,0.024718217028085684,0.026376095201034972,0.02444660043534378,0.02788450664004306,0.022889835343321164,0.023068729776451666,0.02986522706438553,0.03753034311336456,0.04357520826700429,0.04763332569512208,0.05050747800361353,0.05739693930671532,0.06947546511413101
36,0.015061391355337048,0.016481630179745802,0.015223969333045819,0.01643783209525344,0.015063394376883747,0.016371293950801176,0.016195577556892472,0.015869339046207624,0.016922818504346404,0.018563148621226697,0.018790620184264202,0.017595887130118417,0.017935053892142165,0.019161519998145693,0.023928083317353844,0.025155176720872738,0.02303163949466315,0.028424477330105613,0.035369242498731975,0.029818504404720277,0.031016460058823317,0.03998477484106735,0.04284807316441517,0.040449226208061066,0.037236433926950994,0.04062299100709414,0.043301949611126364,0.04406663716388227,0.0424794865110987,0.039575881345493766
37,0.02968640760097778,0.028981155717609845,0.027795020605300046,0.03184584431311207,0.028004582679890245,0.021034603985294515,0.02009459911101952,0.022315452901749334,0.022344408208071705,0.021316447164908266,0.02270318601067709,0.022417319078183503,0.02144694522603907,0.020670439492292886,0.020690268803720643,0.02449739087588745,0.026877262259400257,0.02782572414000786,0.028187662278611383,0.031688127288143186,0.031183708223339397,0.028852311485786482,0.025186208561651952,0.02788901994167186,0.02723118686089842,0.029480196474705563,0.03185983370596593,0.03308599221318147,0.033865368329495375,0.03392584029127822
38,0.014892929018231959,0.015555030572618629,0.016245468281134597,0.017149299396847874,0.01826104805229731,0.01921029849173087,0.019840816297342995,0.020647990070453807,0.02095281616776414,0.021757328545136737,0.022551177354047464,0.024086651702513468,0.024488475917266522,0.024474506262955477,0.025472387772295376,0.026017235328451176,0.025891694943558658,0.02586464571847457,0.02650468006441332,0.02749651004744484,0.028568495775798855,0.02998596870097973,0.03183747424142967,0.03460535488625769,0.03748902277582094,0.03681773497716753,0.03875806402205593,0.04156414742001188,0.04136629640337369,0.04462896462099578
39,0.021789363408091286,0.02210692034098071,0.0169852864519084,0.023949578617990328,0.01808615557377862,0.024429348258191864,0.022205417327729012,0.019255996940553185,0.012866641389212436,0.017106352530090015,0.017188940811518075,0.017214294357403206,0.020448151920996038,0.017230021973717747,0.018165672817155306,0.019185996032934718,0.02146732916407294,0.026596526352416563,0.02888627710818854,0.035472787467069576,0.03302895215145367,0.03510777954812022,0.04011495409358768,0.04116585796167171,0.04176996449472571,0.041624596320205376,0.03980368138323092,0.03625479514004395,0.03733753824107873,0.03613733565075479
40,0.024280981176562768,0.023426334366404563,0.020943174237133506,0.022719498542455103,0.02970743841470108,0.02482415728682329,0.025922328887380684,0.02556530234830306,0.02564094137943728,0.027067812581404845,0.023604871819658823,0.024633138923258194,0.020980422617867367,0.02152980642961044,0.022697286915085463,0.02359474864550905,0.025329199375819213,0.025744974910026527,0.027708659263666818,0.02841395331705819,0.03076308571046683,0.02439482020589402,0.026023928843555567,0.02490506138282268,0.02181245859325604,0.035857071274568615,0.03768608344328849,0.03465922414286287,0.03587337462068021,0.03667237417330981
41,0.028733300921569605,0.03014594012044777,0.027637911069558846,0.029842958428524517,0.03362114086642136,0.0343515344267778,0.03396842961643061,0.035262114275032556,0.036341642491295054,0.04244045499844155,0.02814950534620687,0.03185073740686264,0.036209929564743296,0.029122387500223477,0.029753509729617093,0.02862151428416903,0.02816417418992037,0.026606882468112283,0.01779875534166032,0.01607631096480132,0.01674228304687648,0.01646165949168006,0.010215813276636971,0.01756526940845796,0.026381496268923346,0.025783938723721755,0.020522396803839094,0.01610673509183507,0.02425853958005807,0.02424524812602639
42,0.03892406077141577,0.03844402950912829,0.027560483401794164,0.024609225883158947,0.019619461620149877,0.025195416744507648,0.028038871974009807,0.02296294514657563,0.023062494708966895,0.026582949358619365,0.020724702152007606,0.02447786914566406,0.02283998619064479,0.02110508164404443,0.018338481368925828,0.02070565667700554,0.02668060472819312,0.027355934902081058,0.028006383264402804,0.026354140551463148,0.021597527813827625,0.02807682590299721,0.02390933837418416,0.02414863776924781,0.023221638371376037,0.025255462969248462,0.0305476301613928,0.034256777256556015,0.03874691022653197,0.041632985240750625
43,0.012502427910207135,0.01236141516024603,0.015011384738279253,0.01495225422810436,0.015459388249838868,0.014801804635502071,0.018438999359560847,0.019027654017678492,0.021467006879949756,0.025654740921901252,0.027738200975819055,0.024937432095812017,0.029587886448215736,0.031132204927232447,0.030277440815647608,0.030287951350839296,0.03116425182697338,0.031458132912464645,0.03395028757320376,0.03281864267380345,0.03311663064727511,0.03497235614491069,0.03549251093253748,0.03315079983974761,0.032493421529438446,0.03242947185580627,0.033243573751668656,0.03317081482412536,0.030877302943306977,0.031006123658775205
44,0.03259979816791582,0.032079745361133914,0.030689339410915548,0.03175235259671629,0.02937493775333694,0.026037594902762414,0.02617163039958211,0.02456764462659448,0.02505942953210775,0.024833572546809606,0.025943773982379376,0.025785480634663537,0.026178547837758394,0.024868351965176214,0.024415055761018815,0.02563041754315574,0.02535299134755753,0.024605942854034574,0.02627246417650306,0.028234812170215874,0.026393030174314987,0.026967041822723317,0.027199423295486084,0.027714123543362695,0.026583391559323162,0.025962419655399617,0.02564552436199041,0.02527452534584296,0.025128123617263288,0.025661026882826638
45,0.032588070947022735,0.032069171056672466,0.030681733037486617,0.03174353350217011,0.029369734476755577,0.026029237855963096,0.026164272846959755,0.02456115744552258,0.025052983615973298,0.02482799474905299,0.025937026199897417,0.0257804731583983,0.026178294557308097,0.02487297049339744,0.02442307558753704,0.025639935621532165,0.025364875170631296,0.024613417519401246,0.02627883038005757,0.0282471216848279,0.026403869807649034,0.026978520422784164,0.027206560417454097,0.027722195809617576,0.026585471891802177,0.025961550534398085,0.02564106738232851,0.0252733223007008,0.025125456920148132,0.02566058843542122
46,0.013329928110219418,0.013759439113235352,0.014416663076147732,0.015201006153199807,0.015237629630970289,0.015420810304768318,0.016150123432589068,0.016823411778414867,0.017842921488199905,0.01868479744793765,0.0201071666168936,0.020884219186810472,0.020919346055286357,0.019500427310074685,0.019430493132655338,0.019930377636005324,0.020426852069722484,0.022133383590687252,0.025476747002645687,0.028802375960334598,0.03176785399024382,0.034431976062884416,0.03673273170381555,0.03917203599890516,0.041136988962723164,0.04448642415301204,0.04926584488317193,0.050415318013818766,0.050623384280122426,0.050471836683375695
47,0.01708350569551797,0.02126150563188664,0.022303253307693144,0.022369021776238156,0.022962817588743703,0.020711600255842278,0.0220583501037093,0.02140706962197444,0.021700913741051434,0.020409516286282424,0.022792026968604957,0.02462050219594583,0.02221604538610651,0.025432306749435897,0.032472402692021084,0.027911900605568613,0.023198370299671294,0.023952616935877306,0.02773081423885623,0.02581570889079084,0.02409750401290755,0.021407879694943916,0.02402991202141092,0.027953351326132206,0.04498551943020607,0.04153870016605946,0.03774516936788169,0.037082232645359293,0.038621336027265835,0.03711066016488629
48,0.02009302806764011,0.01993794214109802,0.02058427947866209,0.021513419220396828,0.02154917650228779,0.020915732145699868,0.021648738190656297,0.0218056297158016,0.022543381586505366,0.023514254894158395,0.02402937735940507,0.023835388009601548,0.02316104947279039,0.02554947360858025,0.027171450801330533,0.02687231426202008,0.02719304168374981,0.02683031597358358,0.028228720825895802,0.029419336036537274,0.030689081714813153,0.03117966707208472,0.030789147925839977,0.03236626769233357,0.033013718084605626,0.033136985836795446,0.03318214193964789,0.03410319755207893,0.03400344230416727,0.034122813730104055
49,0.014892929018231959,0.015555030572618629,0.016245468281134597,0.017149299396847874,0.01826104805229731,0.01921029849173087,0.019840816297342995,0.020647990070453807,0.02095281616776414,0.021757328545136737,0.022551177354047464,0.024086651702513468,0.024488475917266522,0.024474506262955477,0.025472387772295376,0.026017235328451176,0.025891694943558658,0.02586464571847457,0.02650468006441332,0.02749651004744484,0.028568495775798855,0.02998596870097973,0.03183747424142967,0.03460535488625769,0.03748902277582094,0.03681773497716753,0.03875806402205593,0.04156414742001188,0.04136629640337369,0.04462896462099578
50,0.032588070947022735,0.032069171056672466,0.030681733037486617,0.03174353350217011,0.029369734476755577,0.026029237855963096,0.026164272846959755,0.02456115744552258,0.025052983615973298,0.02482799474905299,0.025937026199897417,0.0257804731583983,0.026178294557308097,0.02487297049339744,0.02442307558753704,0.025639935621532165,0.025364875170631296,0.024613417519401246,0.02627883038005757,0.0282471216848279,0.026403869807649034,0.026978520422784164,0.027206560417454097,0.027722195809617576,0.026585471891802177,0.025961550534398085,0.02564106738232851,0.0252733223007008,0.025125456920148132,0.02566058843542122
51,0.019608036886259516,0.020102777036343365,0.020898860783934308,0.021649590125750864,0.021973721190211307,0.02130210636879031,0.021690366981744213,0.022017345308870465,0.022014576763551483,0.021728239708778647,0.02226725425342226,0.022514237467047244,0.0221890351591931,0.021725957360302327,0.021728714815075094,0.021932862117215336,0.0222123410484673,0.023089594299392006,0.02532726877276587,0.027375621382659886,0.029224582647914533,0.031139724714540674,0.03240351731443794,0.034133925248748226,0.034552361014860596,0.036909920319893395,0.03948872797643167,0.04042023198856833,0.040712874993412335,0.04064813978028895
52,0.025082943809702076,0.02539189637836699,0.0255635561166103,0.026021944856445493,0.02612774016800154,0.025820548949545392,0.02568983877050015,0.025044315804485913,0.0246360923517831,0.024693997908898608,0.024850490298215875,0.025062432696371494,0.025132809111903572,0.024931726666938225,0.024543179196607867,0.024857815409987417,0.02512252551765233,0.025169372992997555,0.02621335370011973,0.02717668042486233,0.027878408290475942,0.028542504759610222,0.02875881091188144,0.029318664209038652,0.028703463916852495,0.029767551236331537,0.03063179134689733,0.030814678943913574,0.030768689483959274,0.03066468959991507
53,0.028086245804653395,0.0258297406515521,0.02612307932220799,0.027791323111802577,0.027741889825558197,0.025448103495478405,0.023242077634142575,0.023856629679568007,0.01982728909684868,0.01968762206747283,0.021791549529969527,0.021354338940532378,0.02596620488872221,0.023029634704650557,0.025497822341074776,0.026117525292179918,0.028088725351658253,0.026541651512361455,0.028303993194739824,0.030005750212494915,0.030954361518276147,0.03199613951263852,0.030598876704961413,0.03168691025277925,0.03387297689414445,0.03142440963214399,0.02565078933763805,0.023687600124717916,0.0314841882343859,0.027295064959517223
54,36956221628.0,37692620353.0,38451125897.0,39217654462.0,39979848610.0,40750182147.0,41495656643.0,42217040246.0,42937842432.0,43654713614.0,44372703323.0,45080566248.0,45786671492.0,46485111887.0,47171247797.0,47849340488.0,48521095994.0,49187738113.0,49853937131.0,50521517943.0,51192910409.0,51866313584.0,52540156719.0,53221200864.0,53908774477.0,54600050913.0,55297430732.0,56002165541.0,56715505741.0,57434513485.0
